Index,User Id,First Name,Last Name,Sex,Email,Phone,Date of birth,Job Title
1,9E39Bfc4fdcc44e,Diamond,Dudley,Male,teresa26@example.org,922.460.8218x66252,1945-12-06,Photographer
2,32C079F2Bad7e6F,Ethan,Hanson,Female,ufrank@example.com,(458)005-8931x2478,1985-03-08,Actuary
3,a1F7faeBf5f7A3a,Grace,Huerta,Female,tiffany51@example.com,(720)205-4521x7811,1941-01-21,Visual merchandiser
4,c7Dd389CA514dce,Jillian,Bryant,Female,parkerstone@example.net,453-499-3870x793,1933-01-17,"Embryologist, clinical"
5,eb3Dae1D4cd0A35,Warren,Simpson,Male,ryanmisty@example.com,958-772-8268x47673,2003-05-02,Armed forces training and education officer
6,16d2AbD8cddcCeA,Lydia,Blankenship,Male,rosariomalik@example.net,063-060-6850,2020-11-25,"Surveyor, rural practice"
7,6caD3Cf994cCD4a,Tracy,Roberts,Female,jeromewebb@example.org,(894)721-4878x32987,1965-06-23,Commercial horticulturist
8,E7e78Ee9f8C335E,Sydney,Holland,Female,benderalisha@example.org,6061098385,1989-11-12,Event organiser
9,C7cD7eFFF63d68b,Jesse,Holloway,Female,friedmanann@example.net,001-349-447-4984x42216,2001-11-05,"Engineer, civil (consulting)"
10,0fc6Bb99eFC5BFc,Sydney,Friedman,Female,breanna73@example.net,333.339.6817,1912-06-01,"Nurse, adult"
11,d5ea71df182244D,Alejandro,Baird,Male,waguilar@example.org,(940)115-9886,2019-11-01,Veterinary surgeon
12,10f4c9FBF3E63cb,Beverly,Banks,Female,rlawson@example.org,(966)421-3722,1949-08-21,Soil scientist
13,Aba9F4eA2C269B2,Jasmin,Villa,Female,stephenspriscilla@example.org,779.357.7910x109,1953-01-22,"Pilot, airline"
14,2f3caBe99c5EA2a,Edwin,Cervantes,Female,dgross@example.com,152.673.4945,1908-08-04,Photographer
15,c21A3AAB484b6f9,Kirsten,Ross,Male,smckinney@example.com,001-210-259-9290x7030,1919-01-15,"Doctor, hospital"
16,6AD566EC0Cbd642,Isabella,Fry,Female,donaldpena@example.com,7040997498,2000-12-20,Health promotion specialist
17,3932b4E856Beb6e,Alice,Mueller,Female,wallaceandre@example.com,998-190-2319,1941-06-30,"Scientist, clinical (histocompatibility and immunogenetics)"
18,D638Bca8FCEDAFB,Tammie,Christensen,Female,yhudson@example.com,140.357.9129x07786,1945-04-17,Museum/gallery curator
19,Cc8c33aD57D0534,Devon,Bautista,Male,nblack@example.net,001-200-652-3080,1996-10-09,Civil Service fast streamer
20,28BD6a16ebb2F87,Philip,Mason,Male,brandy03@example.com,(441)803-4033x3056,2006-04-03,Sports coach
21,De2EEeFFE88bcea,Johnathan,Hogan,Female,peggyholden@example.org,001-465-682-3986x518,1964-02-04,Exhibition designer
22,F6cc88880B87289,Alan,Graham,Male,cardenasmakayla@example.org,001-824-890-2653x078,1926-12-03,"Teacher, adult education"
23,69de9efF61C73FB,Whitney,Farmer,Male,gloverjim@example.com,627-745-0313x06256,1951-06-20,Secondary school teacher
24,b53eFFa5BEb0d18,Stefanie,Roberson,Male,glennsummer@example.com,415.803.1003,1961-03-31,"Teacher, English as a foreign language"
25,5FFC846eddaa1ef,Lacey,Rich,Female,stevensonkerri@example.net,990-786-6758x2155,1949-02-15,Orthoptist
26,91fA567cbc01E9A,Judith,Levine,Female,diamond75@example.org,(902)419-1912x42794,1971-01-27,Naval architect
27,c6F24bAf7D151BB,Latasha,Gates,Male,ryanbuck@example.net,260-195-2094,1963-10-07,Sports therapist
28,DeaF8BBeDBf3dE5,Don,Moyer,Male,xboyer@example.org,001-737-668-7641,2017-10-27,Jewellery designer
29,6F47844ABA6eEC1,Joan,Ellison,Male,darinmccall@example.org,+1-632-060-0103x9631,1983-06-09,Interpreter
30,063F840471fc6CD,Evan,Ramirez,Female,haynesterrance@example.org,3448013495,1956-12-18,Research scientist (physical sciences)
31,2aa731c0f3F6C12,Carly,Andrade,Female,wheelergwendolyn@example.org,015-115-8965x03851,1916-10-21,Paediatric nurse
32,CDAe4Cbba97cFbc,Monica,Villarreal,Female,ivan90@example.org,+1-787-993-4722x3313,2014-06-04,Trade union research officer
33,f816D4FB16b1bfC,Ethan,Mays,Male,tasha48@example.org,001-106-964-9705x57078,1982-09-27,"Administrator, local government"
34,AF0B46eCFc7BCAB,Lori,Harding,Male,vernon22@example.com,973-607-2152x45384,1939-10-20,"Designer, interior/spatial"
35,a91D93DbFFEAEEe,Louis,Sparks,Male,nboyd@example.net,243-269-4234x963,1927-05-02,"Journalist, newspaper"
36,F9A8F0aeABFad80,Gene,Jensen,Male,delgadolynn@example.net,(396)277-3465,1918-05-29,"Engineer, aeronautical"
37,aC68040C96578eE,Evan,Gallagher,Male,macdonaldsara@example.com,737.743.8292x060,2015-04-11,Video editor
38,f6EDD6b302062bc,Madison,House,Male,allisonmelvin@example.net,266-229-5179,1939-03-01,Manufacturing systems engineer
39,FFFbC8354caf8C2,Kristen,Harris,Male,hesschris@example.org,7868890453,1930-03-07,Marketing executive
40,4d9AB4629aBEC17,Lacey,Schultz,Male,jesus50@example.org,001-950-093-2248x676,1971-12-06,Nutritional therapist
41,5c2d00a67b230B7,Betty,Richards,Male,pibarra@example.net,(982)340-6794x015,1937-03-02,Agricultural consultant
42,7766f22c79DfD0b,Shelley,Brooks,Female,tannerjane@example.org,(579)825-2362x70307,1906-08-02,Quality manager
43,3452cBd59d1c2f1,Whitney,Dawson,Female,cooleymary@example.net,001-985-779-5797,1981-09-29,Firefighter
44,B5DbedB464E78FF,Craig,Lopez,Female,wmclaughlin@example.org,+1-716-569-1680x3740,1982-08-14,Magazine features editor
45,62b549dB6b83aab,Russell,Cain,Male,eddie79@example.net,(401)290-7773x149,1918-10-20,Occupational therapist
46,FFe439F3Bd49cCd,Charlotte,Wise,Female,monica72@example.org,(217)203-0503,1981-08-28,Writer
47,aa01AB6B1e0b124,Eugene,Harper,Female,kristenayers@example.org,001-782-133-7090,1945-06-26,Geophysicist/field seismologist
48,980d2DFfe01Df23,Nicolas,Macias,Female,terryrandolph@example.org,922.108.6471x78835,1932-12-26,Production manager
49,fcB7BAB32dcF473,Cassidy,Page,Male,jessewells@example.org,314.120.1452,2009-05-29,Air broker
50,D467FfBDc5e87dC,Brenda,Logan,Male,edgarkane@example.com,001-075-493-4321x6491,1963-02-07,"Psychotherapist, dance movement"
51,9FCc44Ec4BaE41f,Yesenia,Knight,Male,ramseykristine@example.com,956-531-5187,1943-09-27,Town planner
52,7EDe658f8FaD2ac,Madison,Pittman,Male,anita71@example.net,792.338.6909x2389,1962-03-29,Occupational therapist
53,CFce37A34Cf7b84,Kara,Garrett,Female,thorntonsally@example.org,(282)573-1674,1966-05-18,Horticultural consultant
54,094c1EC0a5A3dea,Shelly,Fisher,Male,uellis@example.com,2355206935,2001-02-11,Clinical cytogeneticist
55,EbfE32A0FFF5859,Jared,Velazquez,Male,xreese@example.net,(230)091-6596x35709,1940-01-24,Licensed conveyancer
56,C65cB4BfB8fC32B,Charles,Gonzales,Male,farmermisty@example.net,+1-593-980-7132,2015-09-11,Insurance claims handler
57,716f036DFfF0Cb9,Helen,Morales,Male,mariah69@example.org,765.521.6750,1970-09-21,"Engineer, broadcasting (operations)"
58,dCb1d3cFFa30a9e,Alexandria,Durham,Female,rshah@example.net,731-691-5286x1892,2014-05-23,Insurance broker
59,9612fFfE2dBa87A,Joyce,Schroeder,Male,batesdorothy@example.com,+1-494-469-8122x72382,1911-02-23,Musician
60,5eaAD34A1251F38,Brett,Morrison,Female,teresabrock@example.org,613.791.2092,1924-02-03,Community pharmacist
61,8c6782Baf6eC20E,Isaiah,Ponce,Female,zmarks@example.net,001-483-573-2534x33170,1915-02-21,"Designer, exhibition/display"
62,EbbeF26be8a92Ff,Donald,Bennett,Male,wintersanthony@example.com,001-173-521-1298,1957-07-23,Rural practice surveyor
63,e6B2D2ae1D4B9bA,Logan,Harvey,Male,omoore@example.net,8206003553,2010-10-11,Television camera operator
64,DfDF3Da2DDcAF4c,Jesus,Crosby,Female,kathleenbishop@example.com,591.772.5874x82530,2010-07-04,Fitness centre manager
65,8647ACDBCc38faA,Malik,Small,Female,shirley05@example.org,733.387.4586x85547,2016-06-28,Geographical information systems officer
66,dcFe65a0E8e70A6,Bridget,Pearson,Female,zcooper@example.net,001-531-530-4522x510,1961-02-07,Systems developer
67,7e2ae5D213a200d,Dakota,Costa,Female,christineconley@example.com,(897)761-8630,1991-11-21,Dietitian
68,fe1a1eFc9EFA2A3,Evelyn,Weiss,Female,destinycastaneda@example.net,001-022-284-7827,1956-07-31,Theatre stage manager
69,726fA14bEef8551,Lisa,Porter,Female,yvettemcintyre@example.com,4297905377,1986-08-10,Field trials officer
70,01df962eAEfAACD,Jordan,Potts,Male,janice62@example.org,+1-566-737-4028x95518,1926-04-16,"Engineer, automotive"
71,F9Cc695F01D0AF3,Eric,Cannon,Female,mistyzhang@example.com,286.267.0195x576,1972-06-10,Statistician
72,1af5Ef4f52dA9A6,Dustin,Shepard,Female,patricia76@example.net,010-340-5719x1106,1919-10-28,Furniture conservator/restorer
73,dfb9919A0Df15eE,Dakota,Andersen,Female,nporter@example.com,9993489372,1909-06-02,Ophthalmologist
74,b0AF745Ef2c1936,Eduardo,Mata,Male,crystalcooper@example.org,001-457-104-8645,1945-03-30,Chief Financial Officer
75,ebB6b8F27Ae52a4,Patrick,Romero,Male,bmaldonado@example.org,+1-230-294-3368x183,1965-08-01,Dealer
76,F8ddFd1Faf4CF1d,Joe,Guerrero,Female,deansheppard@example.com,064-412-4057,1966-08-11,Statistician
77,1FcD3E2bbB2C5dF,Danny,Gamble,Female,maureen76@example.org,8555595789,1983-06-13,Youth worker
78,A63DBA15cBDF14B,Natalie,Alexander,Female,danielshailey@example.com,478-646-2254x6083,2009-09-13,Consulting civil engineer
79,EEF2DcBCABFDd12,William,Singleton,Female,neil88@example.com,001-812-523-4100x848,1966-12-27,Public affairs consultant
80,fCaAfA9B8e4e6dC,Kaylee,Bernard,Male,felicia55@example.net,687-464-3262x83374,1993-07-10,Recruitment consultant
81,36feaDE0e20A7de,Tyrone,Strong,Female,zmullen@example.net,611-246-4767,1991-07-27,Financial planner
82,2ac7A701F0cbB8E,Pam,Carey,Male,johnnygarcia@example.net,5330272025,1922-05-31,"Research officer, trade union"
83,0e602B238Cb6B79,Don,Lowe,Female,hunter01@example.net,+1-910-920-7702x8316,1975-08-18,"Conservation officer, nature"
84,CDd2aE02A8fb097,Michaela,Boyd,Female,awheeler@example.org,581.922.6814,1958-01-21,Media planner
85,fEab37EC7C37E7F,Nicolas,Hester,Male,deborah20@example.net,444-333-9356x80684,2006-02-05,"Surveyor, minerals"
86,00Deae0DD7f201e,Michele,Huffman,Female,dproctor@example.org,052-032-3910,2012-01-06,"Surveyor, hydrographic"
87,2005A9a72AD8A51,Ronald,Bryant,Male,zcolon@example.com,(189)470-1183x4370,1956-07-25,Manufacturing systems engineer
88,CBDE08f681EcDaD,Cristian,Knight,Male,bryanalexander@example.net,(548)635-0507x65088,1998-01-08,Actuary
89,8bfcca2Eab2E50A,Beth,Guerra,Female,kramerdoris@example.com,+1-830-283-0111x156,2022-02-08,"Engineer, energy"
90,110Af2b13ca3C0F,Adrian,Banks,Male,rojasdennis@example.org,001-763-719-4557x45827,1998-05-17,Physiotherapist
91,BcEFaAEb17EaCd3,Sabrina,Espinoza,Female,hutchinsonlance@example.org,001-086-282-0686,1982-05-02,Dealer
92,Ba3bD920ab5BA1C,Johnathan,Raymond,Male,torrestim@example.net,001-452-717-3160x77397,1961-04-10,Video editor
93,1aCb49C51ebAb4d,Aimee,Pennington,Female,gwendolyn26@example.net,228-073-0315,1985-04-10,Logistics and distribution manager
94,2FBF3bbCFdAC2f3,Wesley,Mcconnell,Male,masonjesse@example.com,411.118.9619,1971-09-05,Dietitian
95,Fc5c6F2186F26ed,Kara,Sweeney,Male,scott58@example.net,(513)067-4432,1953-08-01,Chartered certified accountant
96,73AdEF4c8AA0b88,Hayden,Freeman,Male,zbrennan@example.org,109-005-1596,2008-12-17,Merchant navy officer
97,86DEddA9bf32d73,Monique,Gonzalez,Female,zhendricks@example.net,924.818.5569,1948-03-18,Chartered loss adjuster
98,eaC5B2da40Eec5B,Kyle,Hodge,Male,amy15@example.net,001-235-875-9869x1622,1920-07-10,English as a foreign language teacher
99,01bd2Ee9f1FafEb,Douglas,Steele,Male,fernando21@example.net,(734)547-9472,1965-11-23,Sports therapist
100,495bBaB61AFDc68,Heidi,Mccormick,Female,ubaxter@example.com,483.630.6123,1941-09-07,Health service manager
101,14aC53D98B912fa,Tracy,Barajas,Female,randall80@example.com,5829096946,1964-05-04,Acupuncturist
102,8405ca729679f29,Don,Aguirre,Female,yprince@example.org,(250)986-9714,2014-08-14,Licensed conveyancer
103,FD4e23a7EaEF11D,Ashley,Guerrero,Male,owenmiranda@example.com,588.237.4646x5650,1919-01-03,Marine scientist
104,F24cA1c0F62a75a,Craig,Berry,Female,walterspamela@example.org,365.252.8403x4911,2003-02-08,Retail manager
105,DCbfC9428984375,Jeremy,Terry,Male,cory86@example.net,001-854-104-5699x49434,1998-07-22,Airline pilot
106,ef746C43e5A67ba,Elijah,Rasmussen,Female,nealjade@example.org,+1-756-760-9941,1940-01-15,Community education officer
107,A419eEf26e2dFFE,Sharon,Mosley,Female,jeancobb@example.org,820-240-2131x6040,1990-12-22,"Clinical scientist, histocompatibility and immunogenetics"
108,B57939708aCD4eB,Kenneth,Garrison,Female,robert54@example.com,(566)029-5352x971,2006-11-28,Learning disability nurse
109,5aD9deBC4c168d8,Alan,Keith,Male,tyler37@example.com,168-565-0763x18754,1928-09-30,Learning disability nurse
110,fA88599E2cCe379,Tony,Henson,Male,erica64@example.org,+1-209-268-2080x5400,1908-10-05,Environmental manager
111,7F067Cc3b8adfb7,Angelica,Rogers,Female,pottercraig@example.com,+1-332-521-5277x967,1965-03-16,Electronics engineer
112,90209657EeB63AA,Connie,Rivera,Male,owensricky@example.com,380.579.6908,1958-01-10,Graphic designer
113,f6Fb26dCBE50A2A,Kayla,Russell,Male,guerrerosonya@example.net,924-331-1642x83984,2022-04-28,Psychiatric nurse
114,Eb475890236F607,Matthew,Martinez,Female,hayden42@example.com,198-426-6283,1946-03-24,Television floor manager
115,51a988A0aBc1a3F,Johnny,Sheppard,Female,lopezdarlene@example.com,582-966-0276x58570,1968-05-18,Office manager
116,ebfd641842E01AB,Anita,Bender,Female,adam41@example.org,857.984.6861,1941-11-17,Sports development officer
117,3D916B950ADF8D6,Anna,Thomas,Male,enorman@example.net,(911)908-0334x5553,1969-11-28,Insurance broker
118,Bea46F0A0DA4e1e,Logan,Hobbs,Male,hoganvernon@example.com,078.530.5997,1981-03-20,Communications engineer
119,c03484a056Ca4Dc,Nathan,Hoffman,Female,tgilmore@example.com,001-971-426-3885x999,1995-02-28,Intelligence analyst
120,2e6602a3CC26F96,Sherri,Bauer,Male,pbrewer@example.org,177-577-6058,1947-10-30,"Investment banker, corporate"
121,21Eac30A15eb5Ca,Jaime,Duran,Male,sonia06@example.com,174-850-6531x98334,1991-12-10,Higher education lecturer
122,17F7aFBF0BB19b8,Robyn,Valenzuela,Male,philip72@example.org,+1-178-865-0544x280,1992-05-06,"Engineer, mining"
123,b5eF5ac9d802A53,Kayla,Carter,Male,walterchristian@example.net,001-093-449-1388x364,1908-01-31,Statistician
124,1aceDcDfc26A1eb,Gary,Christian,Female,scottgarrett@example.net,001-512-051-9462x5778,1937-09-05,Risk analyst
125,dbDd8b164d930cD,Molly,Williams,Male,jmills@example.com,(513)502-7288,1910-02-11,"Engineer, site"
126,Afb5944c00CBE38,Ellen,Douglas,Female,faith68@example.net,4707265266,1940-04-18,Building control surveyor
127,3891fDBBE0aC0FB,Alison,Webb,Male,aimeecarrillo@example.com,841-866-5239x620,2017-04-18,"Sound technician, broadcasting/film/video"
128,21e1d8f11BEDAe9,Vernon,Short,Male,lrosario@example.net,001-834-488-9806x134,1986-06-23,Insurance broker
129,1fCB7A37f7D7f7E,Jermaine,Crawford,Female,jayrios@example.com,+1-738-078-7458x57058,1978-07-15,"Runner, broadcasting/film/video"
130,15edc43D53eDFDa,Vincent,Landry,Male,hollowayshawn@example.net,8722776249,1936-09-13,Dealer
131,BC608718C9cB8C6,Howard,Bennett,Male,ray13@example.com,226-170-6283,1921-09-18,Exhibition designer
132,6F340639ad5813A,Mathew,Spencer,Male,jeanhays@example.net,663-267-6942x09147,1966-11-09,"Surveyor, hydrographic"
133,5D9DE25df5f62DF,Chelsea,Morrison,Female,costadave@example.org,(463)308-7746x1866,1998-03-26,"Teacher, music"
134,726B9fd1ff18a77,Jasmin,Sweeney,Male,lyonsjoyce@example.com,+1-181-084-2110x774,2019-03-21,"Engineer, chemical"
135,5ae942fc5b51e3D,Jessica,Warner,Male,elindsey@example.net,0847633222,1947-04-30,Restaurant manager
136,884aCe2c0df3511,Kari,Whitehead,Male,chelseyrich@example.net,(628)248-2255x76572,1950-01-23,"Engineer, materials"
137,F97a789Cb92d65e,Cassandra,Gates,Male,alejandrosmall@example.com,866.950.5367x9613,1960-02-02,"Civil engineer, contracting"
138,bEEbb1D55B92FC5,Kirk,Schwartz,Female,donnamack@example.net,5286762792,1981-06-16,Dietitian
139,DA3fC623a2B4A5C,Mercedes,Fry,Male,colincalderon@example.com,332.207.9240,2003-06-12,Media planner
140,eAD85DbfBf0aCd2,Alicia,Bell,Female,colemarisa@example.net,001-291-570-1494x2710,1998-10-30,Furniture conservator/restorer
141,Ca4b0FBdA4fbB9c,Wanda,Gregory,Male,miranda88@example.net,+1-980-325-6299x48553,1987-07-13,"Lecturer, further education"
142,E352d5FAc7F0Fa5,Kelli,Riddle,Female,dariusstephenson@example.org,(576)995-5427,1972-01-13,"Engineer, maintenance"
143,D90AFEcced9EbEE,Molly,Wood,Female,delgadohayley@example.net,(324)842-4922x123,1909-02-17,"Editor, commissioning"
144,bFaAdCaeAa6c83e,Dan,Blake,Female,ezuniga@example.net,343-592-3940,1994-12-17,Architect
145,5CC8Cf811aAEab7,Katelyn,Jensen,Male,vaughnmartin@example.org,+1-095-259-5815x76022,1997-04-26,Interior and spatial designer
146,77C2FFbFc0C5e2C,Anne,Simpson,Female,vreese@example.net,(544)599-3278,1991-06-02,Risk analyst
147,Da3cEDb16A936b9,Amanda,Nicholson,Male,sherri77@example.org,104-625-3910x69737,1907-10-11,Television production assistant
148,58EBfEf1eafBE5a,Molly,Contreras,Female,sheena38@example.net,489.741.8647,1937-03-28,Trade mark attorney
149,B6cEE0Cb5F7F9d7,Clifford,Garner,Male,elaine04@example.net,001-888-937-0580x8858,1989-06-17,Tax adviser
150,08dB6E3EbE6bDf2,Jasmin,Escobar,Female,stanley59@example.net,504.770.5089x804,1947-01-28,Electrical engineer
151,Cc77883fD3AF6C3,Tami,Stephenson,Male,randall93@example.org,(193)094-2641x72271,1957-03-23,"Surveyor, planning and development"
152,63cf4BACB1DD4dE,Chad,Garza,Female,tombarnett@example.net,735-694-1899,1984-06-11,"Engineer, mining"
153,7D718Bc72d2db77,Miguel,Ibarra,Female,kduffy@example.com,343-261-0259x0922,1916-01-21,Operational investment banker
154,682d6eebBA85974,Christina,Castillo,Male,mhahn@example.net,(470)063-8234,1991-08-18,Pharmacologist
155,aede6DA358ddAA8,Frances,Fry,Male,brandon51@example.org,(790)805-1696,1962-07-19,"Embryologist, clinical"
156,bFb9faFfA3274d2,Jillian,Vasquez,Male,wileypriscilla@example.net,342.406.9079x6160,1998-11-21,Diplomatic Services operational officer
157,79DCd72ae2BAc81,Alexandra,Hopkins,Female,ihowe@example.net,8116693985,2016-08-01,Community education officer
158,45B343D3c7aDdCB,Brad,Santiago,Female,jermaine46@example.org,5940722193,1987-07-13,Chartered loss adjuster
159,8cfe9f5A9A9a27f,Alison,Levy,Female,rklein@example.com,488.313.7800x112,2002-06-21,"Engineer, control and instrumentation"
160,6AFebcEb83c1D0d,Tristan,Alvarado,Male,troy86@example.org,(247)944-6313,2016-06-30,Oncologist
161,fFbd96EEEfC359E,Robyn,Benjamin,Female,leonardricardo@example.org,001-387-652-0438x6711,1990-04-30,Accommodation manager
162,aCaF9F79BcfB0bf,Paige,Ortega,Female,xmoody@example.com,+1-655-301-6615x203,1937-03-26,"Designer, television/film set"
163,97DE2cCb09f9F9C,Andrea,Duncan,Male,kcantrell@example.net,+1-508-936-1904x82649,2012-05-15,"Embryologist, clinical"
164,dF3083dbB6a444f,Jesse,Buck,Male,thomas45@example.org,(672)968-6972x533,1978-01-03,Chief of Staff
165,7Fdb42BCefBd3BE,Rachel,Schultz,Male,toddfuentes@example.com,905-399-4849x70748,2014-12-17,"Scientist, research (life sciences)"
166,f1a8d4321B4E976,Kathy,Elliott,Male,francocole@example.com,+1-521-140-6977x879,1967-08-15,Customer service manager
167,EAcEB5040e3C7e2,Alec,Tucker,Male,rstokes@example.net,4667514753,1998-07-14,"Embryologist, clinical"
168,bAb9BB1eFBFe90f,Jon,Diaz,Male,ikeller@example.com,(581)424-2593x136,1972-12-22,"Engineer, land"
169,6bF2EA95a546F5B,Derek,Grant,Male,jdelacruz@example.org,496.242.4372,1963-06-06,"Surveyor, minerals"
170,c8D20af25F81CF4,Justin,Velez,Female,zvaughan@example.org,(384)487-8309x156,2015-04-19,Farm manager
171,7cB5CDc3AD5efCc,Jody,Friedman,Male,xsosa@example.com,8551584638,1976-09-05,Systems developer
172,4D3ce9EE4Ebaca2,Kylie,Cohen,Female,sharris@example.net,562-260-7814,1942-05-02,Ophthalmologist
173,dDc90fb76B3F5b5,Kaitlin,Ward,Male,bergbobby@example.net,(786)456-9588x89070,1979-08-28,"Engineer, electronics"
174,d67dBC1Dde90E6A,Ricardo,Love,Female,tasha38@example.net,096.299.2432x633,1993-08-07,Meteorologist
175,d261fFfE28c9Ac4,Doris,Gallagher,Female,spratt@example.com,(751)081-8670,1918-02-11,"Librarian, public"
176,C7aAf5EF2E4e9A5,Micheal,Duncan,Female,amber39@example.net,(929)481-6859,1932-09-02,"Teacher, special educational needs"
177,5846B2fAcEb0adF,Kaitlin,Mcneil,Male,scott24@example.com,(357)873-7255x96009,2017-12-31,Hospital pharmacist
178,Cc52cDDe6F9b050,George,Mathis,Female,nhull@example.com,001-819-625-2453,1972-02-03,Environmental health practitioner
179,64cF60AA8f6Cf9a,Xavier,Pineda,Male,smoyer@example.com,(257)822-5916x4688,1910-10-06,Fisheries officer
180,CdD285096f4248e,Bob,Woodward,Female,mcherry@example.com,(259)901-2345,1924-05-25,Seismic interpreter
181,a190f14Ea4723C8,Andres,Schmitt,Female,lawrencejacobson@example.com,389-669-8207x867,1920-06-14,Holiday representative
182,aadbfb33fFD88D5,Cathy,Lewis,Male,vaughannathaniel@example.net,+1-457-807-1538,1983-03-13,Legal executive
183,bAcF6E3B86E6f9d,Fred,Gates,Male,hweeks@example.net,+1-876-262-5946,1985-10-19,Cytogeneticist
184,40f5aBB1c38f78d,Bonnie,Choi,Male,gilmorehenry@example.com,157-237-2734x957,1995-07-10,Water quality scientist
185,f8D2cabC8f504e9,Paige,Carrillo,Female,hubbarddarlene@example.net,483.549.3419,1917-12-23,Data scientist
186,c0D49FfF72A251E,Mariah,Santiago,Female,phillip65@example.com,317.132.4502,1988-02-25,"Engineer, manufacturing"
187,eFdEA847aa1eB34,Brendan,Schneider,Female,bowersdylan@example.net,149.984.2457x4323,2013-05-04,Haematologist
188,17bAba2FeDef34b,James,Sherman,Female,xstrickland@example.net,(619)564-8135x2490,1952-06-18,Clinical embryologist
189,Ee7E9764dE5EaCd,Melvin,Weeks,Male,kerrimiranda@example.org,(883)672-7946x99325,1958-03-26,Civil Service administrator
190,FeE00A7D2f1DF0F,Claudia,Hayden,Male,lisaknight@example.org,001-845-808-6776x306,1995-09-23,Insurance underwriter
191,EDC3FDec69DaE98,Catherine,Shields,Male,sdougherty@example.net,+1-697-382-4770x75647,1942-06-25,Museum/gallery exhibitions officer
192,4FD3fddBEFD5acE,Sherry,Ellison,Female,ncampos@example.net,+1-956-067-9184,1980-06-08,Insurance claims handler
193,84E12f5DFC18427,Sherry,Best,Female,ohurley@example.com,+1-658-968-0685x852,1983-02-14,Tourism officer
194,247e8439EF17B7A,Edgar,Holder,Male,mosessonia@example.net,(906)515-0043x05201,2006-03-04,Microbiologist
195,ca5d8AF669BFfDd,Rachael,Callahan,Female,haneysharon@example.net,(717)575-0894x52583,2000-10-05,Forest/woodland manager
196,6cBf56cFAddc141,Shane,Dunlap,Female,ibrewer@example.com,170.646.2708,2011-05-09,Structural engineer
197,Bf015360b9435fd,Natasha,Armstrong,Female,molinaapril@example.com,001-757-679-6827,1956-11-05,Optometrist
198,fe15168A9938298,Erika,Hooper,Female,kaitlinfields@example.org,969.491.9535,1947-08-29,"Research officer, trade union"
199,64BB19FAb72d09F,Perry,Pittman,Female,orrcarl@example.net,+1-823-049-3939,1977-09-15,Training and development officer
200,2518cEd24274c2B,Logan,Li,Female,qvance@example.org,108.733.2753,1936-05-19,Sports therapist
201,d75edE38576bB1B,Penny,Orr,Female,singletonbrittney@example.com,929-670-9749,1944-06-23,Interior and spatial designer
202,F3A5aBfe2b10AcC,Sean,Glenn,Male,riveratheodore@example.com,+1-049-718-0619,2000-03-09,Energy engineer
203,dE5dD7e38EF9dB5,Ann,Shaffer,Male,renee17@example.net,001-065-842-8017x6077,1923-02-19,"Administrator, charities/voluntary organisations"
204,6A2fb7eF5Abb2FD,Danielle,Best,Male,alejandraflowers@example.org,+1-103-481-1107,2005-04-01,Hydrogeologist
205,0e75CCb1B23e5FD,Caroline,Burke,Male,keylouis@example.net,375.434.0577,1958-12-26,"Conservation officer, nature"
206,2AFCAB5FC9Ab1EF,Yolanda,Weeks,Male,sherri65@example.com,998.744.4249x9878,1946-07-17,Public relations officer
207,39d22E6622CbB38,Shirley,Rios,Female,villarrealroy@example.com,3283362106,1944-10-13,Proofreader
208,EB9eebaD2FD312e,Roger,Richard,Female,mindy72@example.net,386-291-0287,2012-01-13,Environmental education officer
209,01bC2e0Da41ADEC,Vickie,Reese,Female,clinton95@example.com,(850)724-8450x2009,1951-06-09,Sports administrator
210,BFbf3CF4EFC9cDf,Jack,Mclean,Female,kendra13@example.net,190.481.1264,1997-11-21,Museum education officer
211,DB5D34F0e3eC61A,Mandy,Watson,Male,lewisjaime@example.com,095.102.6790,1968-07-07,Amenity horticulturist
212,B0dedeA028eC3D6,Shari,Little,Male,bradshawpamela@example.com,001-281-788-1282,1912-07-03,"Exhibitions officer, museum/gallery"
213,8F8E2c2A88dE4Fd,Sherry,Wall,Male,rivasisabel@example.org,001-831-760-2095x150,2014-07-06,"Editor, magazine features"
214,b065eDaABa5935B,Thomas,Flowers,Male,normavance@example.com,001-815-821-4988x4460,1923-11-06,Data processing manager
215,106da5eFb0043e3,Joy,Callahan,Male,novakbridget@example.net,9250519970,1967-06-21,Telecommunications researcher
216,0AeED4F047D5BAA,Preston,Bailey,Female,tfinley@example.com,753-808-8439x40538,1974-03-29,Administrator
217,2497F14C28a38dF,Crystal,Greene,Female,lmontes@example.net,+1-518-922-6386x353,1964-02-27,"Sales professional, IT"
218,A0c9A0ee2abe657,Victoria,Miranda,Male,rileyjohns@example.org,001-775-627-7752x906,1921-07-03,Games developer
219,A9252DFe1be51Db,Maria,Mosley,Female,comptonclarence@example.org,(670)661-2162x048,1988-10-08,Chartered public finance accountant
220,F4B59eFb70CBbC1,Glenn,Charles,Male,rioskellie@example.org,104-357-7196x0010,2008-03-31,Writer
221,fAfDec3fCE000A2,Kenneth,Vang,Male,travisjarvis@example.com,(261)521-4844,2011-02-28,Garment/textile technologist
222,cfB0Dd80C0d346b,Vicki,Owen,Male,bakersally@example.net,+1-758-263-3026x55712,1917-03-18,"Development worker, international aid"
223,7eECaB0e754abE4,Debbie,Molina,Female,sosaross@example.com,9962146514,1960-12-25,Financial planner
224,ceFdd0A77EBFd69,Earl,Harvey,Female,costajames@example.net,765-792-2438x537,2000-05-23,Community development worker
225,3AEA21b4aD983BB,Stacie,Fitzgerald,Female,mejiasabrina@example.org,601.245.2631,1980-11-28,"Exhibitions officer, museum/gallery"
226,102e61bbcaB3C8d,Darrell,Weber,Male,qwaller@example.net,+1-065-584-3467,2015-06-21,Applications developer
227,ca29d1c93FbF2ad,Yolanda,Mullen,Male,rmccall@example.com,(591)229-2841,1913-09-30,"Surveyor, insurance"
228,fb52832EACB3a5B,Michaela,Foley,Female,ritachase@example.net,(504)640-4711,1949-02-12,"Surveyor, building control"
229,fAFAa1EBfe9AFaf,Mike,Vincent,Female,fieldsbernard@example.com,(637)547-4925,1944-12-27,Research scientist (physical sciences)
230,aEae61d8E01dFA9,Sean,Cantrell,Male,jmcguire@example.org,(509)271-0842x325,1987-07-19,Automotive engineer
231,FC94FD7Aa2AAc19,Victoria,Fuentes,Male,betty96@example.org,3951418676,1993-02-06,"Psychologist, educational"
232,a4e587F81431e0b,Randall,Sutton,Male,earlhendrix@example.org,601-445-7377,1985-08-20,Land/geomatics surveyor
233,9acEcf096CF9BB5,Sandra,Cortez,Female,mark85@example.com,001-181-006-6346x74785,1976-09-29,"Teacher, special educational needs"
234,C2DaDe0F1100dcC,Howard,Weber,Female,jacobsonpreston@example.org,+1-424-180-3010x299,1928-12-26,"Designer, fashion/clothing"
235,7DAed442c0ff940,Gregory,Shannon,Male,becky43@example.com,652-997-3830x89089,1917-04-08,Contracting civil engineer
236,44B4E100D5A78b9,Kylie,Steele,Male,joe01@example.org,2590302663,1971-05-20,Bookseller
237,6A6cCebba384adF,Danielle,Berger,Male,albert37@example.com,001-864-919-9923,1951-09-23,Quality manager
238,c1cbabAA76dEEE7,Theresa,Cobb,Male,hintonanna@example.com,1170889163,2020-09-17,Hospital doctor
239,0B8d9Edf6abfFF1,Christina,Harding,Female,obartlett@example.com,340-233-4004x86528,1924-02-18,"Conservator, museum/gallery"
240,29B3e177345D624,Mathew,Jimenez,Male,brandi87@example.com,483.625.6231,1995-10-04,Ecologist
241,e2bf1bDe9c04CaC,Jocelyn,Fischer,Female,latasha79@example.net,674.028.8478,2019-07-19,"Accountant, chartered"
242,E50c6AB6e51c23E,Jeffrey,Frey,Male,ibarradevin@example.org,+1-881-191-3249,2015-10-09,Advice worker
243,70AFf6DF82f00Ed,Sylvia,Porter,Female,shawnamcintosh@example.org,(603)738-7987x889,1969-09-23,Technical author
244,dB24a4c8bb6e6DC,Dave,Camacho,Male,goldenleslie@example.org,(023)449-9632,1998-09-09,"Research officer, political party"
245,C88D91bf1DcAA38,Kirsten,Patton,Male,zavalakristen@example.com,+1-421-591-9345x47769,2020-08-22,Biomedical scientist
246,a1d5971eac5CA3c,Allison,Levine,Female,msims@example.net,(207)550-3998,2003-10-06,Sports development officer
247,B926f8C44c580dA,Darlene,Forbes,Female,trose@example.com,786-916-6127x82654,1971-05-22,Hydrologist
248,462392d2f4eEA35,Jon,Joyce,Male,gsimpson@example.org,588-927-8867x07099,1951-07-31,"Engineer, control and instrumentation"
249,b415CE6F3F8EDd9,Susan,Cruz,Female,garzawyatt@example.org,(464)469-8289,1947-06-02,Physiological scientist
250,2e735c69Cfd09E9,Dustin,Werner,Male,melvincrane@example.com,601.817.5180x381,1957-07-22,Translator
251,c73bbAEBbF42192,Stephanie,Moran,Male,blakebowman@example.com,763.723.5556x813,1990-10-19,"Psychotherapist, child"
252,262b862E413EBa7,Patty,Ramirez,Female,ibarrabrad@example.org,+1-231-020-9875x1436,1950-02-01,Community pharmacist
253,D11E9dED165ecC0,Tammy,Pacheco,Female,ywatkins@example.net,(113)332-6922x1433,1999-04-16,Animal nutritionist
254,cC7A7EAd3BfC10e,Alvin,Olsen,Male,jennifersharp@example.net,+1-500-497-2177x3874,1927-02-12,Rural practice surveyor
255,9f4BfAe3E24E4cb,Carly,Mcpherson,Female,lesliemiranda@example.net,001-849-658-0009x1823,1927-09-02,"Engineer, energy"
256,fcF10d5c3d583bD,Katherine,Rivers,Male,danielsmonique@example.net,(667)647-1199x61116,1977-10-22,Sports development officer
257,F5FE5fb5e20D5B1,Edgar,Briggs,Female,brent50@example.org,6496890876,2020-05-01,Building control surveyor
258,d95565bc943F208,Danielle,Pratt,Male,glenn43@example.net,001-450-044-5515x166,1916-03-26,Learning mentor
259,D3dc1CbACACCFaa,Clayton,Long,Male,bartlettbrady@example.com,001-935-564-0995x1569,1934-08-17,"Administrator, arts"
260,3f5DA9Cf56663C3,Shirley,Madden,Male,butlerdestiny@example.net,8648991699,2006-07-06,Biomedical scientist
261,0aAEad910ABE84c,Mitchell,Castro,Female,thorntonharry@example.org,001-541-445-5528x5798,2006-09-23,"Engineer, electronics"
262,4537cBD790CB2E2,Craig,Maxwell,Female,hayleyandrade@example.org,719.446.6867,1921-01-17,Risk analyst
263,52E9646A2294b4a,Frank,Nixon,Male,johnsonkara@example.net,+1-204-619-8309x397,1958-04-08,Press photographer
264,ED3c5ECf2aa3FFC,Ryan,Kemp,Female,gallagherruth@example.com,(912)643-0960,1970-04-25,Corporate treasurer
265,077034caD529DFF,Frank,Riggs,Male,frederick73@example.org,141-420-0831x291,1982-04-30,Multimedia specialist
266,2CF3716Ab7981A1,Gary,Thornton,Male,anita03@example.net,026-220-0701x34003,1985-06-30,Landscape architect
267,E6352ef0a42AdD4,Paige,Mccoy,Female,antoniocobb@example.net,(944)589-7433x8861,1960-02-17,Energy manager
268,f1bb65A45C0D627,Julian,Taylor,Male,courtneyrichardson@example.org,(113)744-7342,1917-12-24,Clinical embryologist
269,Ef1E6CE8467dba7,Cindy,Henson,Male,lorraine88@example.com,430-210-6384x416,2004-02-10,"Education officer, community"
270,EFaB5948A7C6e79,Geoffrey,Hernandez,Female,hayleykoch@example.org,(479)812-5396x7761,2020-06-06,Newspaper journalist
271,824f7fEeaaac21F,Jeffrey,Joyce,Female,zbrowning@example.org,9514366423,1923-12-29,Electrical engineer
272,a5bEE9aD7A9c6ca,Mike,Anthony,Male,villarrealjesse@example.net,001-835-517-5168x0634,1999-05-04,"Conservator, furniture"
273,eDB6aB4cDbecdc9,Heather,Watkins,Female,douglas94@example.net,(387)959-1610x800,1919-11-20,Ambulance person
274,Dea1A1ea80E94Bc,Clifford,Blair,Male,sherry21@example.net,720.921.6341x50424,1909-09-09,Jewellery designer
275,Ad900b1CdEcd0C1,Barry,Garrett,Female,sonyawood@example.com,001-662-151-9824x390,1995-10-31,Public affairs consultant
276,4c9E63447af8C6f,Victoria,Adkins,Female,ihatfield@example.com,777-879-4237x54459,1968-04-07,"Designer, multimedia"
277,4e129Caa3A0e29B,Ricky,Long,Female,tbarron@example.net,322-922-2287x667,1907-02-03,Economist
278,F0922fbbAE9Dbe0,Max,Ibarra,Female,shelly46@example.com,(719)874-4692x97420,2012-08-01,Aid worker
279,9F409575BF7236d,Andrea,Love,Male,pennymcintosh@example.org,001-705-118-9746x876,1952-06-01,Communications engineer
280,BE44ecEb4f9178B,Stacy,Oneal,Male,qbriggs@example.org,(754)909-5338x3256,2003-11-17,Social researcher
281,acA4BA696FdEdD2,Nicole,Cruz,Female,nathanrandolph@example.org,+1-268-080-3125,1941-03-09,Scientific laboratory technician
282,14eef296630B9ba,Selena,Mosley,Female,christopherferguson@example.org,(091)964-2192x91894,1985-09-16,Facilities manager
283,fe0bb4A931fC4b1,Clinton,Bates,Female,barberfrancis@example.com,001-285-441-0881x1242,1950-02-01,Surgeon
284,FE5b0eb40Ea3Fda,Terrance,Estes,Male,tonyarowe@example.com,503-845-1597x80814,1995-06-06,Chartered management accountant
285,F7a6bf578b2AEbb,Bryce,Frye,Male,lozanorodney@example.org,001-699-761-7169,2021-11-21,Information systems manager
286,cD3B46E7dfED265,Marcia,Garner,Male,zbright@example.org,159.981.4103x632,2003-12-18,Media planner
287,AC2852FEfe988D0,Jon,Branch,Female,rubioteresa@example.org,(366)348-2984x317,1992-12-28,Academic librarian
288,d65AD9D9f6ABe03,Jeanne,Galvan,Male,callahandouglas@example.org,+1-349-911-9930x0665,2017-12-03,Commercial art gallery manager
289,2DEcB324fce0EE3,Summer,Glass,Male,mendozaalfred@example.com,115-050-2370,1920-08-29,Youth worker
290,AB9cED566dC8E7d,Brittney,Moses,Female,christine91@example.net,4816330973,1955-03-27,Museum/gallery curator
291,c7AF8eEe5135d4C,Alice,Pearson,Male,btyler@example.org,950-183-3355,1941-02-01,Photographer
292,aebd50A6E7553B0,Katherine,Cochran,Female,nicholaslawson@example.com,+1-356-310-3471x62155,1944-08-09,Geophysical data processor
293,3D2E43db77a966E,Hayley,Kerr,Male,morgan10@example.org,+1-384-359-9350x39720,1968-09-10,Accounting technician
294,523Cd311B5f9e8D,Deanna,Oconnor,Male,becky82@example.com,001-468-991-4718x4774,1997-10-07,Environmental consultant
295,9378102E1F52810,Mackenzie,Frost,Female,idillon@example.org,(187)671-8717x90015,1980-07-11,Public librarian
296,cA3a1cA210cFb3C,Lacey,Cantu,Male,rosariocarolyn@example.org,001-150-475-6758x641,1994-01-16,Furniture conservator/restorer
297,8C9e4F46EeB948C,Carlos,Serrano,Male,jingram@example.net,+1-324-746-6370x4276,1946-10-11,"Scientist, marine"
298,eccF69eeFaA34C7,Yolanda,Spears,Female,darrenhodges@example.net,001-553-767-3209,2000-12-07,Speech and language therapist
299,FaFecc9Fb80Dc9b,Alexandra,Osborn,Male,cunninghamglen@example.org,001-610-083-6376x88984,1933-01-19,"Designer, graphic"
300,6e2fdFF429cbcCa,Ashley,Frank,Female,goodfrancisco@example.com,(066)852-5096x413,1929-07-01,Immunologist
301,9f3D909ea3DE5CD,Dillon,Barr,Male,hodgesjonathon@example.com,001-636-998-9295,1943-09-23,Brewing technologist
302,bCfa6d383bb7E21,Angie,Craig,Female,proctorsusan@example.org,707-604-0992x28345,2012-11-01,Learning mentor
303,8D6D485fDe2DBb9,Latasha,Reese,Female,nmathis@example.com,581.806.5031x81629,1928-12-12,"Engineer, automotive"
304,aFBE602F061718f,Melinda,Hurley,Female,omichael@example.com,001-131-100-3506,1972-07-08,Theatre director
305,E90e3e34f45D934,Kirk,Schneider,Female,nmalone@example.net,001-410-989-6412x78231,1966-06-02,"Designer, graphic"
306,FcdB9ae1EFCc5D2,Natasha,Short,Male,bryanlaura@example.net,(873)706-3904,1964-09-18,Consulting civil engineer
307,B8d6650F08ABEce,Marie,Klein,Male,heatherkeller@example.net,001-243-942-4723x7686,1961-06-04,"Engineer, technical sales"
308,4bFBdee1dc4A8d2,Alan,Bowen,Male,faith84@example.org,(823)980-3532,1972-10-10,Adult nurse
309,A3aEdafD24e2887,Kelli,Bray,Female,glendazamora@example.net,950-556-4022x64858,1977-10-22,Product designer
310,efC4e948b6F0bFa,Ruth,Lee,Female,troyreed@example.org,(018)178-2489,1994-04-21,Technical sales engineer
311,8ccbF538C036F9B,Summer,Kaiser,Male,robin43@example.com,516.642.4732x69904,1982-02-09,"Secretary, company"
312,Bf56d1fc1Be6Db2,Kristen,Long,Female,znorman@example.com,001-731-425-6323x6187,1913-02-17,Commissioning editor
313,b3A7fFCD7787953,James,Mora,Male,sharonarias@example.net,5016245750,1967-07-14,"Designer, textile"
314,de1bafF263bEeF8,Carrie,Weeks,Female,chad99@example.com,754-927-5230x654,1946-09-14,Make
315,BFDcdCb9d685b8B,Kylie,Bruce,Female,cordovamartha@example.com,606.908.4321,1967-08-11,Operations geologist
316,5ea8E7BebEB7bBc,Joanne,Mccann,Female,alexander82@example.com,001-526-192-8775,1984-10-26,Museum/gallery curator
317,91FE8B5d2bE5cf8,Mike,Pennington,Female,carneystephanie@example.org,879.739.7671,1994-01-28,"Therapist, occupational"
318,31C7eEb4a18DAD6,Hannah,Joseph,Female,rhondawilkerson@example.com,223.921.4200x7317,1949-06-04,Tree surgeon
319,192bBe5Bea8eef5,Ethan,Stanton,Female,seancarpenter@example.net,054-243-4884x53632,2015-12-12,Medical secretary
320,d5b0797cdfA5445,Daisy,Harvey,Female,bkline@example.org,004-317-1102x139,2002-03-27,Materials engineer
321,80bdefe12B87ECf,Riley,Delacruz,Male,frankpatrick@example.net,1541082878,1987-01-22,Engineering geologist
322,d847Ea3EA9EafDD,Gerald,Young,Female,fuentescurtis@example.org,611-029-1712x4747,1954-03-03,Herbalist
323,fFbA7AE46FfFa4b,Natalie,Richard,Female,jacqueline10@example.org,001-438-921-8047x7877,1943-11-17,Secondary school teacher
324,cAc29CA66a19E50,Dave,Escobar,Male,aburch@example.com,747-774-5249,1933-04-21,"Nurse, children's"
325,fcf2EC258Eeaf0f,Emily,Pineda,Female,michaelblake@example.org,206-979-2740x696,1989-04-10,Claims inspector/assessor
326,ACc9F310A8233aa,Lindsey,Hayes,Female,ramirezerin@example.org,(612)062-9150,1987-06-07,"Engineer, electrical"
327,06e5E64Ef6bD2FE,Geoffrey,Stewart,Male,hfernandez@example.org,340.913.2476,2007-08-21,Ceramics designer
328,bEC53b4A95aaBDD,Katherine,Evans,Female,kentdodson@example.org,735-186-3762,1978-10-10,Product designer
329,a41278F8E6d41E0,Connie,Mccarthy,Male,soliscristina@example.com,085.864.6069,1992-06-23,Podiatrist
330,bCb899670F98Ea6,Mark,Mullins,Male,tamaravargas@example.org,033.338.8809x3006,1991-04-22,Speech and language therapist
331,eb9BfE99579E4a4,Maria,Oliver,Male,glengarrison@example.net,872-435-3369x7095,1925-04-02,Structural engineer
332,Bec8214cc3Ff8bd,Sheri,Baxter,Male,rjuarez@example.net,+1-436-672-6303,2013-10-14,Investment analyst
333,31C5Cfe4bE0ffF4,Alexander,Wilkerson,Female,wilsonclarence@example.net,977-666-0176,1946-10-18,Clinical psychologist
334,fbfFF8cfa0e89e3,Kristie,Hatfield,Female,kellyklein@example.com,183.063.4948,2011-09-11,Multimedia programmer
335,ffca9a04c4B4c6F,Kim,Blackwell,Female,zoe77@example.org,531-864-7422x68797,1923-07-26,Theatre stage manager
336,3035Df60e92B75A,Nancy,Tyler,Male,bwyatt@example.com,(215)501-9114x7768,1916-03-15,"Lecturer, further education"
337,F50aA8dBcBDe31b,Jimmy,Garrison,Male,wattsmichele@example.com,001-204-731-4444,1918-06-28,Careers adviser
338,3C0FeabE4ba3bdA,Kimberly,Molina,Female,edwin49@example.com,(964)812-9885,1992-11-04,Licensed conveyancer
339,F52acFBcfF1d26e,Eddie,Vang,Female,gregory22@example.org,(048)724-7826x3384,1931-01-11,"Pharmacist, community"
340,ed5CFFcB1eCA758,Mark,Hale,Female,uatkinson@example.org,+1-262-110-7974x376,1948-05-11,"Engineer, civil (contracting)"
341,5E82bbeeb14f1B1,Melody,Vance,Female,bethany61@example.org,1530374729,2011-11-03,Metallurgist
342,2b3aEA6Cb82bDdA,Guy,Riley,Female,friedmandevin@example.net,001-704-079-4916x4044,1928-09-15,Gaffer
343,4C0d66c3aEdcbd6,Bernard,Monroe,Female,zmaynard@example.net,(140)142-0196x62884,2010-06-07,Dance movement psychotherapist
344,12eC0A09Ffabfe0,Gabrielle,Barajas,Female,kerrihess@example.net,458.855.5476x1442,1933-11-25,"Engineer, agricultural"
345,3c36Ba925E50abF,Crystal,Valencia,Female,danny12@example.org,935.052.1358,1909-10-14,Education administrator
346,a0283e8467cFcC5,Brandon,Brewer,Male,morrissteve@example.com,129.198.5153x3239,1920-08-03,Science writer
347,F31F5F826F6E97E,Carla,Sosa,Female,bmiddleton@example.com,205-443-4872,1944-11-05,IT consultant
348,61EBfe9d43FAc55,Cheyenne,Farley,Male,vbautista@example.net,806.579.1282x34412,1979-04-06,Clinical embryologist
349,DbC124b2F3a9d1c,Jerry,Leon,Male,ericstanton@example.net,+1-926-580-2151x70236,2003-11-08,Forest/woodland manager
350,5dcF5Cbf2bD5C5f,Samantha,Miller,Female,lawrence68@example.net,(181)617-7319,1975-03-03,Commercial art gallery manager
351,9be365a56DD19a5,Robyn,Ho,Male,lbrewer@example.org,+1-185-569-1357x07491,1995-12-19,Facilities manager
352,907Be8E07F5ea62,Heather,Morse,Female,jeremiah13@example.com,(153)196-3472,1961-02-20,Records manager
353,D7F4E0cbAca5CFc,Kara,Vance,Female,mary93@example.org,500-073-9666,1930-12-20,Colour technologist
354,FB80e3e4d6cE1FF,Edward,Cummings,Male,mcculloughtracey@example.org,(611)975-6044x3888,1938-02-27,Automotive engineer
355,B90F3Daf5cc2692,Alec,Moore,Female,rpage@example.net,(156)917-9500x21043,1910-07-29,Health visitor
356,Bd59D9FECDc3625,Krystal,Bautista,Male,carrshawna@example.com,001-379-789-7194,1985-10-19,Barrister's clerk
357,1dcE4badd00151f,Casey,Norton,Male,oneillparker@example.com,001-080-616-6408x0819,1986-11-27,Operational researcher
358,AcA0f35D3279D59,Diane,Marshall,Female,monica42@example.org,(459)854-1004x020,1928-02-13,Naval architect
359,f00b3F2eE6E3bDC,Kayla,Rollins,Female,ocowan@example.net,+1-853-686-2338x535,1945-04-03,"Psychotherapist, child"
360,C1dEAcfAc690809,Helen,Thomas,Female,singhautumn@example.com,035.939.0820x7096,1948-03-17,Social researcher
361,0FEa047c31CbeBE,Lindsey,Casey,Female,hmason@example.net,885.723.4864,2011-11-21,"Nurse, learning disability"
362,b64d0c1EB76455A,Xavier,Houston,Female,kimberlybarron@example.com,001-970-667-4439,1991-11-17,Sales executive
363,03a76B34ef56bce,Helen,Huff,Male,sdelgado@example.com,235-592-6429x393,2021-12-08,"Engineer, control and instrumentation"
364,6Cd9faaFc26CE22,Kylie,Weeks,Female,ohall@example.com,406-221-7458x09297,1921-01-01,Chartered accountant
365,E98e34fa99BfCBc,Jason,Good,Female,alvaradoterrance@example.org,924.608.9538x604,2018-06-10,Office manager
366,5e3d945fCcb46Dc,Duane,Berg,Female,dana61@example.org,001-113-113-0686x53407,2014-05-29,Operations geologist
367,bb311c9c3c7700e,Philip,Pope,Female,dukephillip@example.net,019-723-7823x083,2019-09-03,Medical secretary
368,e93cAAaEa54b1f4,Garrett,Orozco,Male,jerry00@example.net,+1-694-882-8360x38234,2014-02-20,Retail merchandiser
369,6DD5F40E5F72cE3,Norma,Stewart,Male,osweeney@example.net,285-889-8807,1928-10-24,"Librarian, public"
370,3AeE8BC82b0D908,Joan,Moreno,Female,joe52@example.com,440-069-1143,1952-04-26,Field trials officer
371,B4f5a5AfDaEbde2,Dillon,Zuniga,Male,dominique20@example.com,+1-629-570-3946,1927-06-12,Forensic psychologist
372,edDCfB5D633DEc2,Cody,Casey,Male,teresa00@example.net,001-132-283-1270,1996-10-11,Passenger transport manager
373,87C6E2Fd3A6f299,Sonia,Hutchinson,Male,isaac21@example.net,451-631-0149x344,1925-10-28,Mining engineer
374,C42aA726aC96E42,Ariel,Richards,Female,carmenpratt@example.com,+1-368-392-5700x56190,1946-05-21,"Psychologist, sport and exercise"
375,3D71bbDD4cfE092,Stuart,James,Female,howardsonya@example.net,001-844-400-8437x817,1991-07-22,Facilities manager
376,C74de3BAe3EF037,Tanner,Shaw,Female,qnoble@example.org,001-088-132-1726x32515,1990-10-10,"Buyer, industrial"
377,52903CBFF1AF2Df,Shelia,Stevens,Female,pennysteele@example.com,773.776.6588x3839,1932-08-01,Heritage manager
378,4AB53eC65e1523e,Janice,West,Male,kcarroll@example.com,+1-917-418-8000,1974-10-12,Operations geologist
379,aa9C57e09b32Ad9,Debbie,Aguirre,Female,sroberson@example.org,+1-942-990-2862x1955,1941-09-24,"Journalist, broadcasting"
380,fccBfEfB5CFcB69,Devin,Ford,Female,wellsmarcus@example.net,+1-868-678-6341x824,1940-01-26,Fish farm manager
381,af8a8DfbE0C7BB1,Shannon,Frank,Male,vjacobson@example.com,+1-117-505-6319,2009-04-19,Minerals surveyor
382,fc07f9558Ac13ff,Marcus,Singh,Male,igillespie@example.org,949.363.9764x1289,1994-07-16,Curator
383,ea560A15D485522,Abigail,Roach,Male,larastacy@example.com,+1-254-563-0627x367,1967-01-26,Theatre director
384,304535Fdff4D8A9,Lori,Sloan,Female,frostjamie@example.org,708.975.2604x078,1984-12-17,Adult nurse
385,2856db0ec2eE73F,Franklin,Baker,Female,mikayla96@example.com,2990049115,2007-10-20,"Engineer, civil (consulting)"
386,7Dbbf2C96AdfdD1,Glenn,Lester,Male,fernando09@example.com,530.573.6143,2020-10-09,"Scientist, research (life sciences)"
387,baDC2531DBEcbea,Isaiah,Page,Male,munozanne@example.net,+1-817-261-6315x729,1987-02-03,"Lecturer, further education"
388,1c88cefFb2263C8,Oscar,Hoffman,Female,hebertchristie@example.org,638-716-6470,1942-06-04,Hospital doctor
389,6a8D5E97e0cA1C0,Cassandra,Howe,Female,beverly89@example.org,211-208-6268,1927-12-08,Museum education officer
390,FAEE5Cb5fCD9aBb,Jay,Meyer,Male,mikeellison@example.net,(343)100-0216,2007-09-03,Financial adviser
391,af8fC522cD6a4B4,Edwin,Mcgee,Male,egreen@example.com,001-626-694-9501x964,1907-09-16,Call centre manager
392,B7dB8aDFD0D46f1,Dalton,Harrell,Male,georgemccormick@example.com,897.586.6449x4561,1942-05-14,Technical author
393,A3731Cd2fB72fe9,Andrew,Carroll,Female,knoxmegan@example.com,4369547078,2017-10-14,"Accountant, chartered certified"
394,2F44dd542EAf370,Sabrina,Doyle,Female,hcook@example.org,+1-655-969-2257,2021-04-09,"Engineer, chemical"
395,2073FcF7c1E1FBe,Ernest,Hill,Female,ywatts@example.org,622.089.7888x0785,1975-11-20,Chief of Staff
396,3EABfC53a21E66a,Paul,Drake,Female,karl28@example.org,001-123-761-7847x098,1943-12-30,Leisure centre manager
397,0F681eBBea0B2a1,Franklin,Howe,Male,baxteralec@example.org,(728)940-0395x26863,1939-03-26,"Engineer, control and instrumentation"
398,EcD23A64acA1648,Judith,Carr,Male,valeriemarsh@example.org,(676)186-0655,1920-12-27,Fish farm manager
399,af8Ed70192D0Caf,Casey,Gallegos,Male,obuchanan@example.com,001-873-760-5722x297,2017-01-03,"Engineer, electronics"
400,70f524e8ea5d43B,Brendan,Madden,Male,marksvernon@example.org,727.740.9127,2021-07-16,Public relations account executive
401,E9C8aAf5fe7b3e0,Connie,Beasley,Male,eyoung@example.org,790-016-4954,2014-09-13,Horticultural therapist
402,09E34Bc1cc33FC6,Nathan,Torres,Male,pamelahorton@example.com,010.551.8037,1942-11-06,Ambulance person
403,DF3C1ab8Ef531dc,Chelsey,Dougherty,Female,sarah81@example.com,001-736-3026,1942-03-29,Interior and spatial designer
404,00e24D6eBE8432E,Marcus,Marks,Female,gallagherdustin@example.org,797-290-7220x99388,1959-08-21,"Editor, magazine features"
405,0F7CFbEdf669ABa,Barbara,David,Male,bonnie46@example.net,001-652-394-1406x9258,1917-07-20,Architectural technologist
406,F57164c7bEf0c80,Wyatt,Collins,Male,arthur95@example.com,+1-163-628-7833x94352,1919-06-01,Risk manager
407,Fcc4B2C6925Cfa5,Bernard,Zamora,Male,cmays@example.com,173.650.3710x42065,1933-03-02,Building services engineer
408,a0ECfCC652e2FBF,Terry,Williamson,Male,lhaas@example.net,+1-944-184-0544x89166,1908-08-14,Chief of Staff
409,FFE5Fa196a5C925,Ross,Paul,Female,mcguiresharon@example.org,+1-110-457-5390,1967-09-07,Art therapist
410,4fE9A5A89BA33fA,Sergio,Lane,Female,rickey15@example.org,001-991-606-2232x270,2019-04-18,Personnel officer
411,F2F37db3CefFbaA,Valerie,Hooper,Male,cindy30@example.org,(215)372-1416,1973-11-19,Artist
412,714A5FDCef556D4,Lindsay,Anthony,Female,tommontgomery@example.org,(825)048-1903,1916-09-25,Chemical engineer
413,06E406cecad0cc3,Kim,Hernandez,Female,warrencollins@example.net,(959)372-8667,1974-02-02,Media planner
414,E40dff0f2D9c72f,Lonnie,Duran,Female,moransherry@example.net,001-908-244-4873x0165,1947-04-29,"Presenter, broadcasting"
415,00B8ec0dCf5F411,Marilyn,Parsons,Male,tmullins@example.com,(768)897-2610x7868,1940-08-16,Rural practice surveyor
416,BE0D2Ef35Aa6Bce,Darin,Walker,Female,candrade@example.org,0284468945,1917-08-24,Exhibition designer
417,6eeDDDcEC55E8d7,Chloe,Harmon,Female,ycline@example.org,(991)603-0594x9658,1921-02-08,Community pharmacist
418,e5Cfb0d8dffD5E0,Kevin,Blevins,Female,kristinapalmer@example.net,665.365.6305x61230,1962-08-06,"Biochemist, clinical"
419,d6DB7DE0aaC50E2,Denise,Ochoa,Female,mezakrista@example.net,207-634-4464,1989-09-12,Architectural technologist
420,4Bed6024a68E172,Duane,Munoz,Female,emccormick@example.org,317-068-9074x4402,1925-12-02,Fisheries officer
421,B3DedC3fFe7bA9A,Pedro,Flynn,Male,lawrencehoffman@example.org,+1-485-288-9251,1915-05-17,Rural practice surveyor
422,dFe490A713AcF61,Albert,Shah,Male,bwaller@example.com,056-034-3533x100,1999-08-18,Patent examiner
423,8f1A9d97EF622dD,Carolyn,Brown,Female,tarameza@example.com,195-215-6970,1983-01-21,"Journalist, broadcasting"
424,4b9bE8bb72361F0,Vincent,Bryant,Male,rodney46@example.com,+1-056-343-3334x0061,1944-03-06,"Optician, dispensing"
425,C7aBc48e0C6Ff6c,Noah,Garcia,Male,norr@example.net,+1-815-084-3981,1984-12-12,"Civil engineer, contracting"
426,AAfA8981c6e4AdC,Jean,Fernandez,Male,pmora@example.com,833-244-3009x5152,1914-11-02,"Scientist, water quality"
427,032A96d79f4bd8F,Christy,Wong,Female,gabrielleramos@example.org,939.812.5901x6372,1924-08-25,Armed forces operational officer
428,e025F3ce8aEEFb1,Lindsay,Mckay,Female,kyle47@example.com,(671)103-2834x960,2000-08-20,Chiropractor
429,F74Df40Aa56f6c5,Nina,Mcclure,Female,jojacobs@example.com,+1-717-105-7436,1930-08-09,Personal assistant
430,5d539B8d8cEC9e6,Phillip,Hurley,Female,hollypatrick@example.org,+1-527-995-4036x68148,1930-05-26,Mudlogger
431,566AdDaEaBc731d,Ebony,Morales,Female,goodwinfrancis@example.org,763.901.6755x9243,2011-10-25,Careers information officer
432,baEA0eEDB7b9A63,Sue,Quinn,Male,mikebright@example.com,001-632-156-0420x494,1962-05-03,Clinical psychologist
433,BCbf2EEAE9B90ec,Jeffery,Mcmahon,Male,crystalclark@example.net,(519)187-7821x97569,2021-03-05,Production manager
434,EA63BD49B5bb574,Carolyn,Swanson,Female,qponce@example.com,(715)638-7282x871,1939-05-10,"Pharmacist, hospital"
435,Aa8BCd40dcBFA6e,Fernando,Cameron,Male,jackie36@example.net,+1-540-438-6182x153,1921-07-07,Best boy
436,5a31FAB2ef7A80E,Gloria,Morgan,Female,joan02@example.org,409.459.8325,1984-11-09,"Designer, fashion/clothing"
437,0Be9c5Ff7BaC31A,Dillon,Buck,Male,bowersnicholas@example.com,015.514.1706x43167,1906-07-12,Freight forwarder
438,C26fEADfeabbb65,Joyce,Tate,Male,theresarosario@example.net,904-219-8820x07030,1967-10-29,Tax inspector
439,fc823E4BBbF5e6B,Carol,Turner,Female,franceshodges@example.com,2814833743,2019-12-25,Financial planner
440,cf21176Be1De5Ee,Melinda,Stuart,Female,whitneysmith@example.com,001-606-204-8067x72938,1953-12-07,Charity fundraiser
441,11d8A4Db59cD30d,Fred,Cooke,Male,evan12@example.com,175.872.7468x4504,1938-05-20,Materials engineer
442,bE95fac5a2D26E6,Kyle,Thomas,Male,dawn44@example.com,(083)957-7964x0631,1907-11-25,Video editor
443,FE5D86879DFBE8C,Mariah,Vasquez,Female,tracie90@example.com,(224)166-8241x0640,1938-08-27,Environmental health practitioner
444,ffAEEbfC3FEF12d,Zachary,Hardy,Female,tsalinas@example.net,558-713-7651x30141,1974-10-23,Building control surveyor
445,FfF5BE9d9ffBF3C,Eddie,Webb,Female,zfrench@example.com,(893)202-6812x4769,1995-01-16,"Radiographer, therapeutic"
446,df7BC79B3A8Be37,Isabel,Mcfarland,Female,loriwashington@example.com,294-269-5643,1979-03-20,"Surveyor, rural practice"
447,eD06b4bfEa71ba5,Tracey,Cuevas,Male,sburns@example.org,001-198-602-3757x96920,2014-09-07,Chemical engineer
448,FAFA99EE712562a,Oscar,Moore,Female,evan33@example.org,292-950-4151,2015-03-31,Pathologist
449,18FfD3eb6E3eac5,Lisa,Fritz,Male,guy20@example.com,(250)441-3259x33193,1983-08-08,Health service manager
450,1c8D6c14b26A7Bc,Angelica,Miller,Female,jodiwise@example.net,+1-190-206-6862x0660,1909-03-03,Travel agency manager
451,c8Fa4AeCaAb1cdc,Kevin,Santiago,Male,xvelasquez@example.com,(402)738-2530x3195,1986-08-03,Administrator
452,06df9d2d91AF2d1,Jesse,Lynn,Male,dylanstrong@example.com,800.289.2626,1916-06-06,Health service manager
453,6fFc95e6903eB1B,Angela,Mccarthy,Male,ianmitchell@example.org,302.000.8065x9326,1911-06-27,"Nurse, mental health"
454,5C0caE2ffAc23e6,Emma,Wilkins,Male,suzannedean@example.com,204.947.9748x83615,2000-04-14,Retail manager
455,557204DFD36368d,Jaclyn,Finley,Male,oscar75@example.org,(436)628-5686,2002-09-28,Speech and language therapist
456,fBB1bC677c0f40d,Tabitha,Stevenson,Female,haroldlong@example.org,896-144-3485x93281,2007-04-15,Contractor
457,D9fb32E3Fbee72d,Donald,Wheeler,Female,sonya08@example.com,(293)781-5290,2008-10-29,Production engineer
458,356C1a3bD006d9f,Carl,Mckinney,Female,villegasnichole@example.net,(949)536-5255x977,1946-09-30,Outdoor activities/education manager
459,afcCDd6ff69bdFF,Trevor,Norman,Female,lawrence74@example.com,(227)070-3245x73814,1932-03-25,Architectural technologist
460,E3BAcBaBb6fBA68,Latoya,Glass,Female,lgreer@example.com,(957)883-6794,2001-07-26,Soil scientist
461,B2de4a482107Cc8,Heather,Edwards,Female,walternatasha@example.com,+1-803-732-6130x2325,2021-05-08,Television/film/video producer
462,32f753F8Ce3E5B4,Miguel,Ashley,Male,malikschneider@example.net,+1-883-729-7978x9402,1993-07-27,"Investment banker, operational"
463,70CaB9ECb08aa04,Christopher,Cordova,Female,eileenjenkins@example.com,(095)476-1868x2670,1931-09-13,"Conservator, museum/gallery"
464,a818B84AeFf85b2,Zoe,Armstrong,Male,syoder@example.net,(298)977-7829x07047,2013-02-26,Diplomatic Services operational officer
465,Cb06ebd0Cac4924,Debra,Lawson,Male,mayshaley@example.com,383-974-9725x067,1957-03-22,"Engineer, technical sales"
466,F8b6D80353E91B2,Johnny,Frey,Female,regina41@example.net,0136696000,1929-08-12,Pensions consultant
467,9b735309Fd474A7,Sonya,Walsh,Male,bvaldez@example.com,(171)654-9664x047,1937-06-06,Cartographer
468,704ACF75DE0D57F,Sherri,Stewart,Male,xbranch@example.net,(010)983-3657x6864,1988-06-06,"Development worker, international aid"
469,Bc966fADCcf7fe2,Marissa,Brooks,Male,duane63@example.net,001-378-394-5305x16781,1918-03-22,Data scientist
470,C25dac88cdA5efB,Brandi,Hays,Male,ramoschloe@example.org,573-847-7944,1909-04-09,Clinical cytogeneticist
471,00fbFD0b3fc715A,Hayley,Blackwell,Female,belindavalentine@example.org,+1-319-680-0106x71133,1953-05-19,"Geologist, engineering"
472,f8823CeEa67CFdF,Marco,Potter,Male,lreid@example.com,927.390.7778,1938-01-08,Legal secretary
473,fC9138DaecaF9dC,Christie,Bentley,Female,cbeck@example.net,7420766420,1976-03-05,Translator
474,eccd4cb192e86dc,Zachary,Davis,Female,summerhartman@example.org,+1-501-617-5035x9041,1968-09-11,Medical sales representative
475,56FDD4e49a8c31A,Eddie,Bartlett,Female,stricklandcassidy@example.org,001-278-425-5678,1907-03-04,Location manager
476,2D2bDFeeDaDcFEE,Heidi,Sullivan,Male,ernestho@example.org,+1-254-329-6910x58260,1969-04-26,"Programme researcher, broadcasting/film/video"
477,b0FcF4c38a0f1a6,Kenneth,Huerta,Male,mahoneyshelby@example.org,262-886-8986x376,1969-12-31,Animator
478,3B6dBEdaf1E8de5,Renee,Rich,Male,frederickroy@example.com,2772914577,1988-05-22,Chartered accountant
479,30F40B6e8e27B4C,Dalton,Marsh,Female,katherinehuff@example.net,313-329-5746x093,1963-11-18,"Nurse, mental health"
480,e473683cb5EBD02,Heidi,Goodman,Female,vincent95@example.com,943-296-3536,2018-04-04,Personal assistant
481,fEE6bdEa5D051FE,Seth,Santiago,Male,hailey74@example.com,(061)055-4949,1996-02-01,Legal executive
482,dfb04bDF6ecaE7C,Isabella,Carson,Male,tommy59@example.org,103.436.9897,2020-05-11,Wellsite geologist
483,f2edfC86FAFCE6A,Heather,Stokes,Female,howardjanet@example.net,(289)206-7764x3063,1972-09-10,Adult nurse
484,C906BDe4488D414,Grant,Navarro,Male,heather15@example.org,318-313-8601x84447,1961-03-06,Animal nutritionist
485,2df64AC46e41BF3,Sheryl,Black,Male,escobarronnie@example.net,+1-688-715-0972x2328,1982-10-05,Petroleum engineer
486,d85AEED456d374E,Melanie,Hurst,Male,hardingsally@example.org,824-881-4149x172,1935-06-01,"Production assistant, radio"
487,e6Cdcaea4b4A684,Abigail,Odom,Male,lamhayley@example.com,635-183-7976,1990-06-03,Conference centre manager
488,6A6D15aE8Bd5aEb,Bradley,Johns,Male,careydanny@example.com,(062)539-3138,1941-07-08,Housing manager/officer
489,f862E59c1fa60AC,Gabrielle,Benton,Male,cesar36@example.com,436-849-3766x22988,2008-07-07,Risk manager
490,DDCe5bf845ce33b,Johnathan,Vincent,Female,laurie94@example.com,+1-826-201-0949,1977-09-25,Rural practice surveyor
491,CbdcFD1A0dCCEc6,Lawrence,Serrano,Female,peggyzavala@example.org,782-144-4998x001,1976-04-05,Naval architect
492,CbBDEEC6d569843,Krista,Oneill,Male,bstafford@example.com,6692877836,1948-10-13,Equities trader
493,7C61197E0B70E9f,Alicia,Prince,Female,rbarry@example.net,639-945-9882,1991-02-26,Wellsite geologist
494,d6acbA98F1bca66,Fred,Reynolds,Male,allen86@example.net,(331)810-5786x881,1926-02-09,IT sales professional
495,F190cdCCc35DC2D,Anita,Velasquez,Female,staciehuerta@example.com,997-873-4950,1922-02-27,Freight forwarder
496,019A58a6Dc5FeAc,Jordan,Gutierrez,Female,raymond85@example.net,(853)005-0544x881,1924-01-23,Network engineer
497,9CF1EF33CC92948,Cheyenne,Mooney,Female,shanewebb@example.net,376.991.3417,1980-11-06,Holiday representative
498,8FB26Ea1FADd7DB,Terrance,Shah,Female,lloydchristopher@example.com,001-868-516-3774x989,2011-02-03,Community pharmacist
499,dE19B8C24bcf8E7,Maxwell,Craig,Female,nancy36@example.net,9019817264,1942-11-09,Systems developer
500,3fcfba0dB86B033,Karen,Raymond,Male,gibbslaura@example.org,(042)084-0488,1907-03-12,Translator
501,05C8acFf6887CdD,Carla,Morgan,Female,foleynatalie@example.org,(525)606-8814x83402,1942-07-08,"Designer, textile"
502,CEEEc014a5e84De,Shelly,Mcguire,Male,tannercollins@example.net,+1-142-089-5073x6841,2002-01-26,"Physicist, medical"
503,77C7fdd293183aE,Kristine,White,Female,karlbanks@example.com,314-186-6311x023,1956-10-05,Energy manager
504,173fd7C3B4A6ceA,Adam,Mclaughlin,Male,nathan45@example.net,+1-765-819-5180x2094,1979-11-03,Licensed conveyancer
505,C8ca5ec3a71A4B8,Karl,Allison,Male,nhanna@example.net,115-392-5069x8842,1935-10-30,"Accountant, chartered certified"
506,714aca8F90EF9Ca,Derrick,Holloway,Female,rbenitez@example.net,001-133-689-7428,1988-04-02,Meteorologist
507,D0B1e435dBf8db4,Shelley,Benjamin,Male,schroederlarry@example.com,+1-129-849-0471,1972-08-07,Games developer
508,1c7eBE9DbBff41e,Isaiah,Jarvis,Male,zsanchez@example.com,1125429249,1996-02-29,Planning and development surveyor
509,dAFB5A965CC3A9E,Nathan,Sutton,Female,mglass@example.com,001-562-771-6704x51495,1942-09-23,Soil scientist
510,6048BdB8fC63Ed5,Earl,Mccullough,Female,steinandrea@example.org,001-056-676-4259x61302,1998-02-20,"Conservator, museum/gallery"
511,7bb6F48EFc3Be8d,Alan,Mcdaniel,Female,mdavila@example.org,001-070-652-2749x851,1970-05-23,Lobbyist
512,b8Fb802D0252148,Franklin,Casey,Female,meghan38@example.net,1334998932,2003-02-21,Clinical research associate
513,E657C6B08E599C1,Alexis,Reeves,Male,huntjacqueline@example.com,208.809.8811x0494,2006-07-19,Arts development officer
514,4478730CcFFbbf4,Ann,Odonnell,Female,cranerose@example.net,001-611-514-3014x87059,1966-02-07,Chief of Staff
515,Fd075C1dd66e87B,Anthony,Bowen,Male,xstrickland@example.net,(893)873-7634x27185,1950-03-18,"Scientist, audiological"
516,EB91d68D0b74eE8,Louis,Cole,Female,rmurray@example.org,+1-155-035-6158,1907-09-27,Translator
517,37e0AC6bb9fa2B0,Ashlee,Berg,Male,strongedwin@example.net,+1-617-865-7219x08915,1937-04-18,"Psychologist, clinical"
518,0Ee4fb656d64938,Jason,Campbell,Male,michaelastafford@example.com,+1-083-189-4196x2709,1982-10-16,Ship broker
519,D49C2eE2Df1eeF5,Natalie,Chung,Male,ibender@example.net,+1-598-461-1737,1929-12-19,Personnel officer
520,dAdFaf4aa64c4b9,Mandy,Cunningham,Female,jenkinsnorman@example.net,356-910-2690,1999-03-07,Fitness centre manager
521,BAfa939d9ABC3A9,Kaitlyn,Porter,Female,zsherman@example.net,234-867-3258x85988,1999-03-06,"Psychologist, clinical"
522,e86A29dE4D4E176,Cody,Fox,Female,tiffanymeza@example.org,+1-872-728-7709x207,1964-11-08,Television floor manager
523,7dc2e1aC0eaC021,Sheena,Martin,Male,wesleyjennings@example.org,(521)706-8805x54783,1978-01-17,"Engineer, agricultural"
524,c29b7159f354eAe,Gilbert,Waters,Male,xdodson@example.com,001-928-670-5139x63832,2000-02-21,"Engineer, structural"
